traj,F_phi_plus,F_phi_minus,F_psi_plus,F_psi_minus,F_plusplus,F_ee,F_eg,F_ge,F_gg
1,0.707081007296842,0.7070810049328052,0.006025797953921368,0.006049077806929711,0.500799047953945,0.9999635485439972,0.006037449101027449,0.0060374491010919,1.6807397549380892e-09
2,0.706672287079582,0.7066722472008887,0.024751456315007626,0.024818926649740586,0.49611002536805526,2.8114620920807358e-08,0.024785214441121955,0.024785214440600157,0.9993855043426639
3,0.707095723304439,0.7070957222895091,0.003962650862988513,0.003948405186993752,0.4990074549137116,7.202550014723309e-10,0.003955534438191053,0.003955534438088914,0.9999843536249068
4,0.010225109360093075,0.00766185210928587,0.7086516569026575,0.705442820028632,0.4984630894142035,0.0018128221177255443,0.7070490588121062,0.7070490588309596,0.012647945095544828
5,0.6958625679818865,0.695861528488543,0.12526328467240966,0.12594097492206732,0.48849862697908275,0.9840975461549606,0.12560258685996104,0.1256025868576276,7.366651290205065e-07
6,0.006972142065684436,0.0016604318359613073,0.7054392645200566,0.7087341365240835,0.49963653123106716,0.003758256019748136,0.7070886196898347,0.7070886196978857,0.006102729762654348
7,0.09809703356137035,0.09786753329948751,0.7026153945275044,0.6979473657126776,0.4731422555835402,0.13856787362506043,0.7002852696947798,0.7002852697157186,0.00016268588201426073
8,0.7070903483574588,0.7070903415811574,0.004832585495946497,0.004810578988250127,0.501262714474127,1.0610139913872514e-09,0.004821594797244838,0.004821594797264448,0.9999767519533758
9,0.693318547274929,0.6933172700654344,0.13850167883930414,0.13941965425394895,0.5039717185193744,0.9804995894775265,0.1389614245627946,0.13896142456478772,8.982850607752087e-07
10,0.703959347403676,0.703959058103423,0.06686750076670793,0.06642002001165292,0.5186790618779347,2.0125305064569192e-07,0.0666441359653199,0.06664413596536473,0.995548651891422
11,0.7043355915881158,0.704335336974744,0.06234616064122501,0.0627381750368042,0.5035021937922995,1.7882223886392093e-07,0.06254247498202814,0.06254247498118783,0.9960807585965686
12,0.7071061635544185,0.7071061582289375,0.0009407181609823891,0.0009364603439585785,0.49975419303791985,4.0915266967094523e-11,0.0009385916668792949,0.0009385916668465872,0.9999991190452928
13,0.7071067806565313,0.7071067806564827,2.728800755904416e-05,2.7469010039265145e-05,0.5000009290228373,0.9999999992504097,2.7378658377475596e-05,2.7378658377086096e-05,3.360491824478385e-14
14,0.021889777475519078,0.020817006398227967,0.7090760672864872,0.7044846490130705,0.5077792478876941,0.0007539057128692157,0.7067840865116217,0.7067840865126159,0.03019837301301591
15,0.7070990163531008,0.7070990156409495,0.003308791240862018,0.003318893279915272,0.5004994906256431,0.9999890183636632,0.0033138461097985154,0.0033138461098314777,5.023337451018775e-10
16,0.021554813505597965,0.0204644477140332,0.7046514811190421,0.7089308051927485,0.499913956967228,0.029712001642982468,0.7067943818422667,0.7067943818330102,0.0007749605595866158
17,0.012409415023318894,0.010399487322349002,0.7047339948705211,0.7092868626718923,0.49783871720288236,0.0014193644087227854,0.7070140935796443,0.7070140936111912,0.01612849402686529
18,0.00687891620681829,0.0012105745979694457,0.7075700861462265,0.7066086528001047,0.5018769388735196,0.005716268923941681,0.707089532883798,0.7070895328790618,0.0040136328465437444
19,0.7070233813234184,0.7070233736733641,0.010887555527969025,0.010832750166054454,0.5029123954615117,5.257943791204268e-09,0.01086018741863167,0.01086018741859256,0.9998820493730577
20,0.03755057417350262,0.03693666515765618,0.7040350008819688,0.7082092591031249,0.5012545682301222,0.05267043089039439,0.7061252145190379,0.7061252145099439,0.00043423904560027367
21,0.02043882715080129,0.019285336288410178,0.7050903724079132,0.7085604398261387,0.5009614837036942,0.0008132620947490221,0.7068275355902939,0.7068275355985314,0.028089294327601884
22,0.7047716596990623,0.7047714399041554,0.0576136041560887,0.05722591390771439,0.5161350637529695,0.9966974803788501,0.05742008623483207,0.05742008623480178,1.53228948404024e-07
23,0.041875537812743384,0.04132629020808228,0.7082477511095959,0.7035081379389312,0.5134724067188582,0.05883258397439661,0.7058819225258035,0.7058819225262667,0.00038725287320530514
24,0.7069000390221004,0.7069000200579003,0.017136136177290495,0.01706016733813926,0.49551227476872023,1.3477329801746453e-08,0.01709819395012811,0.017098193949530476,0.9997076090174103
25,0.7070082269004717,0.7070082178606206,0.01184226923509181,0.0117689265425894,0.5033036775314558,6.428012648708403e-09,0.011805654844198847,0.011805654844222394,0.9998606167998618
26,0.704540733699358,0.704540497959809,0.060365352545703355,0.060008878550975905,0.5164143475276431,0.99637089414889,0.060187379461689255,0.06018737946154043,1.6483895349755104e-07
27,0.006932839395898946,0.001486732122262124,0.7050340137620373,0.7091380435458953,0.4990915659271665,0.005953163087463667,0.7070890062001588,0.7070890061911449,0.0038515560163075112
28,0.7070749100021679,0.7070749070795607,0.006700632249290288,0.006726734074980728,0.5008894688104344,2.0481525297992624e-09,0.006713695847101322,0.006713695847173176,0.9999549252722063
29,0.707094698211637,0.7070946971028409,0.0041241489992916,0.004145284788068627,0.4995859209600917,0.9999829038583901,0.0041347303988232,0.00413473039890129,7.862049969586407e-10
30,0.04077101862245444,0.04020657146886102,0.7045185714164298,0.7073717114647364,0.5042316266291181,0.0572598253979247,0.7059465828453229,0.7059465828376885,0.00039590932337547224
31,0.007255930913845584,0.0026067971829342733,0.7049401865473055,0.7092248511337323,0.4980182697156396,0.0032917651152899797,0.7070857642667523,0.7070857642792124,0.0069719586491325414
32,0.006780790828775871,0.00035329151736613874,0.7087362910916614,0.7054408307933949,0.5029560580318513,0.005046648445240533,0.7070904807932503,0.7070904807960646,0.004542607030110039
33,0.7068227308210477,0.706822704759143,0.02005288291880257,0.020029306485488257,0.4955689190497213,1.8577937627247127e-08,0.020041098169312724,0.020041098168832875,0.9995982736921638
34,0.3705776363508933,0.3705327534293529,0.6008363377343097,0.6036334892388515,0.5339263412932118,0.5240441822222082,0.6022365374505746,0.6022365374437116,3.172396075721822e-05
35,0.707059310509935,0.7070593008869948,0.00821714348370923,0.00817082942304422,0.4977454376270357,0.9999328557955832,0.008194019175474916,0.008194019175246032,3.098779157436069e-09
36,0.045581752655517935,0.04507802733637449,0.7047302910272238,0.7065730621704995,0.49207056611360905,0.06410614363565903,0.7056522781282728,0.7056522781432023,0.0003564713901530803
37,0.703228388947359,0.7032280322030774,0.07419315808870951,0.07372623559181063,0.5203431714009724,0.9945148653882561,0.0739600653112712,0.07396006531140915,2.5148622686106935e-07
38,0.7071064814512592,0.7071064866921227,0.0006490313753848277,0.0006531281632482409,0.5000341550723375,1.956663295117978e-11,0.0006510829915891903,0.0006510829915803458,0.9999995760908502
39,0.7070426897115822,0.7070426891012981,0.009504331311986376,0.009536553362473802,0.4986400785631885,0.9999093568100454,0.009520455969111937,0.00952045596930714,4.248161588623412e-09
40,0.032775342024795345,0.03206965002386118,0.7042938320002835,0.7084260813302027,0.5010117011237702,0.0004970770861522941,0.706362978393449,0.7063629784024973,0.045852354485518824
41,0.013646731818593801,0.011848752701698703,0.7048288625900393,0.7091471273528912,0.49935595388484133,0.01802817075487005,0.7069912919499194,0.7069912919405802,0.001269364561159824
42,0.020006033798526557,0.018825982364867277,0.7063473541170223,0.707332140038564,0.49604048237268583,0.02745833985811576,0.7068399185889587,0.7068399185733695,0.000835806548366443
43,0.7071038357618211,0.7071038354917455,0.002044118489101927,0.0020378575471536216,0.5004990645290014,0.9999958343494328,0.00204099041888177,0.0020409904188927836,1.885676726207605e-10
44,0.7071039095543016,0.7071039145592463,0.0020085400186675537,0.0020219608192612822,0.5000508943038581,0.9999959387124719,0.002015261591096643,0.002015261591125937,1.8506334425109688e-10
45,0.7071066734621481,0.7071066734522684,0.00039163855961122794,0.0003890035997051632,0.5001118126892975,7.024572471562353e-12,0.00039032330314615557,0.0003903233031462593,0.9999998476477076
46,0.2247929433717499,0.22470123381454724,0.6705037902115407,0.6703746387517535,0.5420829331360274,6.481546447625716e-05,0.6704392175890346,0.6704392175941003,0.3178403794822063
47,0.7070739398662084,0.7070739315843101,0.00682237843855336,0.006808923458099974,0.5015664802856576,0.9999535457778936,0.006815654268582119,0.006815654268539468,2.1338602290679754e-09
48,0.7071066694043905,0.7071066693941375,0.00039692191168583555,0.0003982902870216863,0.4999434867057225,0.9999998419089078,0.00039760668801321975,0.00039760668802135826,7.193476283280319e-12
49,0.019263139219760438,0.018034513332949014,0.7076785493423356,0.7060416125153841,0.49603353109189424,0.026373437047594747,0.7068605547694045,0.7068605547869301,0.0008683407798372469
50,0.013218980171216395,0.011353378642871885,0.7089219067373217,0.7050716910389659,0.5049543089035838,0.0013153413360618925,0.7069994198560204,0.7069994198582329,0.017375572524238696
51,0.660331173323956,0.6603267259119369,0.2520747711290546,0.25375120354587516,0.5072829319799318,0.9338461524520217,0.25291437636339975,0.2529143763597832,3.1316155292440362e-06
52,0.12118764698311213,0.12100387570933173,0.6984710412546675,0.6948451775832111,0.4680194021470666,0.17125526816836098,0.6966604683447248,0.6966604683256634,0.0001297789103954891
53,0.6832623461739437,0.6832601207231047,0.18149703166614503,0.1826663658879264,0.5077252794131337,0.9662773029866722,0.18208263746337874,0.1820826374608608,1.5737816452037412e-06
54,0.5644479756692345,0.5644332376559428,0.42728374843424655,0.4245494097465206,0.588866162686,1.0453778428586584e-05,0.42591877335448003,0.42591877335514894,0.7982395610959065
55,0.00918114171408255,0.006200225150302046,0.7093600309980606,0.7047592569575344,0.5042309235146877,0.010876510719889185,0.7070633860716715,0.7070633860707032,0.002106577710088185
56,0.042316373014893424,0.041772967702168866,0.7037828208132,0.70792237206662,0.5016802731083818,0.0003835031175185667,0.7058556310453988,0.7058556310363452,0.05946014783988431
57,0.7065773050851925,0.7065772565136481,0.027443743468501522,0.027275143641234196,0.5076013997643536,3.4524171432859714e-08,0.0273595734270299,0.027359573426971377,0.999251173371243
58,0.012563445118262727,0.010582831467721267,0.7066920043575825,0.7073305977419218,0.49740580482040697,0.016366911088997356,0.7070113731413638,0.7070113731572114,0.0014002487345634535
59,0.707101577033104,0.7071015712870049,0.002718541698125056,0.0027100963649776062,0.5006632110746788,0.9999926324272238,0.002714322316143649,0.002714322316158138,3.4660330099857806e-10
60,0.006922064472540747,0.001435703267723697,0.705838362606589,0.7083376522904997,0.500095172852763,0.005929942857638952,0.7070891116999217,0.7070891117072752,0.0038486358804257007
61,0.706984683742561,0.7069846725430419,0.013126990949500239,0.013153396947207956,0.4977676918927356,0.9998273202195275,0.013140200581262477,0.013140200581546316,7.931491304899221e-09
62,0.7057647494151902,0.7057646262220876,0.04344890473873653,0.04364193403590701,0.4947756257975279,0.9981019859065521,0.04354552634494167,0.04354552634579416,8.804654060926423e-08
63,0.7071067665540579,0.7071067665527159,0.0001437130471981968,0.00014399788037266822,0.49997541501467396,0.999999979305586,0.00014385553428302169,0.00014385553427991152,9.601205029032673e-13
64,0.04000367162285772,0.03942819483381348,0.7037298617962399,0.7082438883259389,0.500334412911026,0.05616681248317598,0.7059904828399199,0.7059904828496324,0.0004067439945659506
65,0.7070099885306564,0.7070099849191044,0.01168442579989276,0.011714904431430641,0.5018629145886007,0.9998631082342576,0.011699675040532407,0.011699675040645188,6.223759484583898e-09
66,0.706755108407671,0.7067550761484857,0.022260533513357703,0.02233713781370094,0.5031558890017641,2.2880138066698373e-08,0.02229886855871103,0.022298868558940813,0.9995026367759069
67,0.7071062667960647,0.7071062667488903,0.0008518986687722497,0.0008539618476093873,0.4998608246371686,3.281215005485557e-11,0.0008529308820353933,0.0008529308820172339,0.9999992725086457
68,0.015073139084442204,0.013467071111227857,0.7088602540383174,0.7050592731952054,0.4972529251158675,0.0011349808277696138,0.7069623181069274,0.7069623181264326,0.02018101446147846
69,0.7070462582236502,0.7070462474038914,0.009257307208293087,0.009246754955337192,0.5020212975669059,0.9999143962290207,0.009252032586246722,0.00925203258618326,3.844503880915718e-09
70,0.7053343656258637,0.7053342028518563,0.04998461811946766,0.05008625466099757,0.4914915990029063,0.9974933107773154,0.05003546219744295,0.05003546219636205,1.1722228477930172e-07
71,0.00759868531897636,0.003447902157561619,0.7048209646012934,0.7093361543095312,0.4980452000956792,0.0029392631221273435,0.7070821635195932,0.7070821635316397,0.007809531366467976
72,0.7071052126779085,0.7071052125340704,0.0014855863760640346,0.0014931992479812039,0.49985141512074627,1.0233593741534081e-10,0.0014893976760481057,0.0014893976760762078,0.9999977816921013
73,0.7071050588421425,0.7071050534153268,0.0015631531300972727,0.0015630730011191225,0.5003177008971693,1.1271100638010193e-10,0.0015631130661276271,0.0015631130661156703,0.999997556674555
74,0.70047640713294,0.7004758013552774,0.09685576365822174,0.096360900745751,0.5251866580461089,0.9906228030150016,0.09660864906004722,0.09660864905971116,4.246050509045859e-07
75,0.017385132255533134,0.016012872647153755,0.7073867971035448,0.7064313585689888,0.4964799568064203,0.023616005544911996,0.7069092392627506,0.7069092392457453,0.0009691212818990189
76,0.007733817587823875,0.003736131853039096,0.7047159366698291,0.7094375786410384,0.4985230694144715,0.0028307850057671096,0.7070806988491176,0.7070806988594286,0.008109085752332374
77,0.006776911225886793,0.00026895876800401734,0.7070828916131459,0.7070981441945693,0.49863059526679554,0.004614224522168452,0.7070905179368272,0.7070905179531412,0.004970693778684825
78,0.7019434824312997,0.7019430124244521,0.08518804113306087,0.08540702444639149,0.4862947905664458,0.9926976568034243,0.0852976030629436,0.08529760306474682,3.386537801390898e-07
79,0.7058854834019164,0.7058853712907425,0.041543556152192525,0.04154106236490062,0.5083511977011087,0.9982727448347073,0.04154230927709999,0.04154230927741873,8.043377001122657e-08
80,0.7071067608480097,0.7071067608461441,0.00016910988451499426,0.00017008983942975648,0.5000132775707621,1.3275210558694513e-12,0.00016960056974940507,0.00016960056974725128,0.999999971235645
81,0.5450412136156054,0.5450241393158034,0.4494673005606699,0.451506266568031,0.5384433002051234,0.7707926029943042,0.45048793714089413,0.45048793714597896,1.207350531373879e-05
82,0.04324234398857226,0.04271081472578958,0.7067920829883542,0.7048055316705569,0.5110177472615637,0.0003766190416141341,0.7057995062530198,0.7057995062490671,0.06077805615236679
83,0.2891532579013229,0.2890872136521213,0.6453859888083912,0.6452099672182083,0.5518745230668495,4.6571743254109394e-05,0.64529798401752,0.6452979840126816,0.40887775860661457
84,0.7070762004191578,0.7070761976139844,0.006564181571981917,0.006588557417973004,0.4990985761722398,0.9999567502804528,0.006576380788915136,0.006576380788782084,2.008511291350926e-09
85,0.707002622439959,0.7070026181548549,0.012118505725484981,0.01215479550091521,0.501844236656902,0.9998526905326185,0.012136664177001159,0.012136664176880639,6.70908485986756e-09
86,0.7026043415910685,0.7026039220681605,0.07989748492671783,0.07944348417172907,0.5213580658055706,2.947551427555355e-07,0.0796708079380218,0.0796708079377994,0.9936322884875242
87,0.7071067795047941,0.70710677950464,4.892415676358557e-05,4.861442214882083e-05,0.4999862392407395,0.9999999976215327,4.876953534612625e-05,4.8769535347536395e-05,1.0798704860802249e-13
88,0.7070945867339565,0.707094580346751,0.00414458963809543,0.004162893581248812,0.5004970839383959,8.000330495697235e-10,0.004153751691942238,0.0041537516919885305,0.9999827461980337
89,0.006809252082818553,0.0007157187348920976,0.7071115311748373,0.7070688822967246,0.5014118821531846,0.005312465248633447,0.7070902070600388,0.7070902070546263,0.004319245329557739
90,0.7065522455729698,0.7065521999466731,0.028013325833571075,0.027985246949046236,0.4938794890778556,0.9992157322265056,0.027999289911480072,0.027999289910814046,3.611137126431134e-08
91,0.7071054146605618,0.7071054198035674,0.0013877889284102604,0.0013925999380910116,0.5001968521817668,8.803940128356737e-11,0.0013901965144232425,0.001390196514408901,0.9999980673517816
92,0.7069105600122715,0.7069105420133128,0.016698933650126032,0.016615996765989256,0.5044259174682041,1.2712482029094083e-08,0.01665751682539529,0.016657516825456006,0.9997224886269286
93,0.0072147710777878925,0.0024898406094015675,0.7077486574865592,0.7064230924863665,0.502130891410771,0.0033391160631562598,0.7070861856116665,0.7070861856161332,0.00686312843256497
94,0.6622084125006557,0.6622041539669246,0.2476626109582272,0.2482517029461472,0.4604351020628779,0.9365011068378345,0.24795733189899277,0.24795733189369717,3.0331857179798682e-06
95,0.012618744842416256,0.010648462502825666,0.70462122967301,0.7093914999624799,0.49846683955456994,0.0013948829636158465,0.7070103880212502,0.7070103880106455,0.01645225749220773
96,0.7070145587917654,0.7070145503325702,0.011392147064598212,0.011448067949137867,0.5012155532186545,0.9998695718569905,0.011420141735251799,0.011420141735384526,5.956557865114595e-09
97,0.008378257388173015,0.004933868808275593,0.7091221167195608,0.705018641825078,0.5037654387878934,0.009414532186039406,0.7070733560738494,0.707073356075713,0.002429988065357246
98,0.22115064810208673,0.2210570897179411,0.6702910842955019,0.6730052126420847,0.5255469861683748,0.3126880901152761,0.6716495194441924,0.6716495194369182,6.611051259621267e-05
99,0.7071039067179574,0.707103901185426,0.0020147913738899205,0.002021410107773252,0.5002939993457567,1.9035866987680238e-10,0.002018103454259947,0.0020181034542394436,0.9999959272501547
100,0.6984908894663607,0.6984900943824343,0.11006516667878107,0.11003510560760986,0.47697253150810376,5.607394002334497e-07,0.1100501371683423,0.11005013717090392,0.9878147268681389
